Index,Height(Inches),Weight(Pounds)
1,65.78331,112.9925
2,71.51521,136.4873
